fetched_at,category_id,category_label,title,url,seendate,domain,language,sourcecountry,tone,watchlist_country,relevance,relevance_reason,matched_term,context_match,scope_tags,country,region,removed_reason
2026-09-29T10:52:47.958527+00:00,physical_violence,Physical violence & killings,Bhabani Shankar Nayak | Countercurrents,https://countercurrents.org/author/bhabani-shankar-nayak/,20260929T104700Z,countercurrents.org,en,,,,,,killed,yes,,,Unclear,listing/author page
2026-09-29T11:52:13.221743+00:00,detention_arrest,Arrests & detention,Columbia threatens to evict student protesters occupying campus building,https://www.digbycourier.ca/columbia-threatens-to-evict-student-protesters-occupying-campus-building/,20260929T113200Z,digbycourier.ca,en,,,,,,arrested,yes,,United States,North America,re-crawled old stories domain
2026-09-29T12:56:41.929206+00:00,physical_violence,Physical violence & killings,"Gen Z students' savage posters at DU protest march go viral: '1 kachori, 2 samosa ...'",https://www.moneycontrol.com/news/india/gen-z-students-savage-posters-at-du-protest-march-go-viral-1-kachori-2-samosa-watch-14041197.html,20260929T124700Z,moneycontrol.com,en,,,,,,shot,yes,,,Unclear,old search term 'shot'
2026-09-29T14:53:46.118449+00:00,institutional_sanction,Institutional & academic sanctions,Steve Jobs Net Worth,https://www.lolwot.com/steve-jobs-net-worth/,20260929T144700Z,lolwot.com,en,,,,,,suspended,yes,,,Unclear,junk domain
2026-09-29T23:48:20.867173+00:00,physical_violence,Physical violence & killings,"Alumni, student group calls on Haverford College to protect speech, academic freedom following antisemitism legal settlement",https://www.inquirer.com/education/haverford-college-deborah-project-antisemitism-lawsuit-settlement-20260929.html,20260929T233100Z,inquirer.com,en,,,,,,shot,yes,,United States,North America,old search term 'shot'
2026-09-30T02:23:32.130183+00:00,physical_violence,Physical violence & killings,Investigators announce a break in Mexico's most notorious unsolved crime,https://www.adn.com/nation-world/2026/09/29/investigators-announce-a-break-in-mexicos-most-notorious-unsolved-crime/,20260930T021600Z,adn.com,en,,,,,,shot,yes,,Mexico,Latin America & Caribbean,old search term 'shot'
2026-09-30T12:34:08.406942+00:00,physical_violence,Physical violence & killings,"Don't Stop Talking About Sexual Violence, But Have Some Respect",https://www.cornellsun.com/article/2026/09/don-t-stop-talking-about-sexual-violence-but-have-some-respect,20260930T120200Z,cornellsun.com,en,,,,,,shot,yes,seah,,Unclear,old search term 'shot'
2026-09-30T14:44:01.199354+00:00,physical_violence,Physical violence & killings,Pro-Palestinian students reject Harvard president's plan to end encampment,https://www.digbycourier.ca/pro-palestinian-students-reject-harvard-presidents-plan-to-end-encampment-news/,20260930T143200Z,digbycourier.ca,en,,,,,,shot,yes,,United States,North America,old search term 'shot'
2026-09-30T15:40:15.533052+00:00,physical_violence,Physical violence & killings,The Carnival of Venice Biennale,https://www.thenation.com/article/culture/2026-venice-biennale-review/,20260930T151700Z,thenation.com,en,,,,,,shot,yes,,,Unclear,old search term 'shot'
2026-09-30T18:27:34.778527+00:00,physical_violence,Physical violence & killings,Iran Protests news | Breaking News & Top Stories,https://www.newsnow.co.uk/h/World+News/Middle+East/Iran/Protests,20260930T181700Z,newsnow.co.uk,en,,,,,,shot,yes,,Iran,Middle East & North Africa,old search term 'shot'
2026-09-30T21:02:24.753457+00:00,physical_violence,Physical violence & killings,Shadows of October: Israel Under Siege,https://afr.net:443/podcasts/the-middle-east-report-with-john-riley/2026/january/shadows-of-october-israel-under-siege/,20260930T204700Z,afr.net:443,en,,,,,,shot,yes,,Israel,Middle East & North Africa,old search term 'shot'
2026-10-01T00:02:12.265781+00:00,legal_harassment,Legal harassment & lawfare,"DeSantis, Cabinet Designate Major Muslim American Group as ""Terrorist""",https://truthout.org/articles/desantis-cabinet-designate-major-muslim-american-group-as-terrorist/,20260930T234700Z,truthout.org,en,,,,,,lawsuit,yes,,United States,North America,old search term 'lawsuit'
2026-10-01T05:24:47.759627+00:00,physical_violence,Physical violence & killings,Anti-Zionist Hasidic man latest ICE target after US protest arrest,http://www.jpost.com/diaspora/article-910251,20261001T050200Z,jpost.com,en,,,,,,shot,yes,,United States,North America,old search term 'shot'
2026-10-01T07:53:45.671057+00:00,legal_harassment,Legal harassment & lawfare,More Perfect University Hosts Alexandria Ocasio-Cortez for 'Students vs. Billionaires' Town Hall,https://www.cornellsun.com/article/2026/10/6wmxlo02mooz,20261001T074600Z,cornellsun.com,en,,,,,,lawsuit,yes,,,Unclear,old search term 'lawsuit'
2026-10-01T10:53:14.328945+00:00,physical_violence,Physical violence & killings,Why isn't Rahul Gandhi doing Chhatron Ki Goonj in Keralam: Rajeev Chandrashekhar,https://www.hindustantimes.com/india-news/why-isn-t-rahul-gandhi-doing-chhatron-ki-goonj-in-keralam-rajeev-chandrashekhar-101790849833921.html,20261001T104700Z,hindustantimes.com,en,,,,,,shot,yes,,India,South Asia,old search term 'shot'
2026-10-01T12:32:08.656491+00:00,physical_violence,Physical violence & killings,Opposition grows as France plans wave of giant data centres,https://www.thelocal.fr/20261001/opposition-grows-as-france-plans-wave-of-giant-data-centres,20261001T120200Z,thelocal.fr,en,,,,,,shot,yes,,France,Europe,old search term 'shot'
2026-10-01T16:25:23.935766+00:00,physical_violence,Physical violence & killings,"French high school students set fires, clash with police in anger over school conditions",https://www.news8000.com/news/national-world/french-high-school-students-set-fires-clash-with-police-in-anger-over-school-conditions/article_b431b33a-7d7e-59ed-8bbe-188b61fb9e79.html,20261001T160200Z,news8000.com,en,,,,,,shot,yes,high_school,France,Europe,old search term 'shot'
2026-10-01T17:25:38.424670+00:00,legal_harassment,Legal harassment & lawfare,Judge Allows 3 Palestinian Protest Lawsuit Plaintiffs to Use Pseudonyms,https://mynewsla.com/education/2026/10/01/judge-allows-3-palestinian-protest-lawsuit-plaintiffs-to-use-pseudonyms/,20261001T170200Z,mynewsla.com,en,,,,,,lawsuit,yes,,,Unclear,old search term 'lawsuit'
2026-10-01T17:25:44.265740+00:00,physical_violence,Physical violence & killings,"French high school students set fires, clash with police in anger over school conditions",https://kesq.com/news/national-world/cnn-world/2026/10/01/french-high-school-students-set-fires-clash-with-police-in-anger-over-school-conditions/,20261001T171700Z,kesq.com,en,,,,,,shot,yes,high_school,France,Europe,old search term 'shot'
2026-10-01T17:38:01.185638+00:00,physical_violence,Physical violence & killings,"French high school students set fires, clash with police in anger over school conditions",https://thefrontierpost.com/french-high-school-students-set-fires-clash-with-police-in-anger-over-school-conditions/,20261001T173100Z,thefrontierpost.com,en,,,,,,shot,yes,high_school,France,Europe,old search term 'shot'
2026-10-01T18:30:00.588084+00:00,physical_violence,Physical violence & killings,"French high school students set fires, clash with police in anger over school conditions",https://kvia.com/news/us-world/cnn-world/2026/10/01/french-high-school-students-set-fires-clash-with-police-in-anger-over-school-conditions/,20261001T180200Z,kvia.com,en,,,,,,shot,yes,high_school,France,Europe,old search term 'shot'
2026-10-01T18:30:00.588084+00:00,physical_violence,Physical violence & killings,"French high school students set fires, clash with police in anger over school conditions",https://keyt.com/news/national-world/cnn-world/2026/10/01/french-high-school-students-set-fires-clash-with-police-in-anger-over-school-conditions/,20261001T180200Z,keyt.com,en,,,,,,shot,yes,high_school,France,Europe,old search term 'shot'
2026-10-01T19:02:53.458226+00:00,physical_violence,Physical violence & killings,"French high school students set fires, clash with police in anger over school conditions - LocalNews8.com",https://localnews8.com/news/national-world/cnn-world/2026/10/01/french-high-school-students-set-fires-clash-with-police-in-anger-over-school-conditions/,20261001T184700Z,localnews8.com,en,,,,,,shot,yes,high_school,France,Europe,old search term 'shot'
2026-10-01T19:25:10.583610+00:00,physical_violence,Physical violence & killings,"French high school students set fires, clash with police in anger over school conditions",https://ktvz.com/news/national-world/cnn-world/2026/10/01/french-high-school-students-set-fires-clash-with-police-in-anger-over-school-conditions/,20261001T190200Z,ktvz.com,en,,,,,,shot,yes,high_school,France,Europe,old search term 'shot'
2026-10-01T20:26:31.727997+00:00,physical_violence,Physical violence & killings,3 teachers among 11 dismissed by Begum Rokeya University over Abu Sayed murder,https://bdnews24.com/bangladesh/lnt19vuf34,20261001T201700Z,bdnews24.com,en,,,,,,shot,yes,,Bangladesh,South Asia,old search term 'shot'
2026-10-01T21:38:10.567028+00:00,physical_violence,Physical violence & killings,"French high school students set fires, clash with police in anger over school conditions",https://abc17news.com/news/national-world/cnn-world/2026/10/01/french-high-school-students-set-fires-clash-with-police-in-anger-over-school-conditions/,20261001T213200Z,abc17news.com,en,,,,,,shot,yes,high_school,France,Europe,old search term 'shot'
2026-10-01T21:52:36.448559+00:00,physical_violence,Physical violence & killings,"French high school students set fires, clash with police in anger over school conditions",https://krdo.com/news/national-world/cnn-world/2026/10/01/french-high-school-students-set-fires-clash-with-police-in-anger-over-school-conditions/,20261001T214700Z,krdo.com,en,,,,,,shot,yes,high_school,France,Europe,old search term 'shot'
2026-10-01T23:35:16.315289+00:00,legal_harassment,Legal harassment & lawfare,UC asks judge to dismiss DOJ's UCLA antisemitism lawsuit,https://www.latimes.com/california/story/2026-10-01/uc-asks-judge-dismiss-doj-ucla-antisemitism-lawsuit,20261001T231700Z,latimes.com,en,,,,,,lawsuit,yes,,United States,North America,old search term 'lawsuit'
2026-10-02T00:02:16.436815+00:00,legal_harassment,Legal harassment & lawfare,"Amended Lawsuit: GWU Allowed Antisemitism to Fester While Jewish Students Faced Threats, Harassment, and Exclusion",https://standardnewswire.com/amended-lawsuit-gwu-allowed-antisemitism-to-fester-while-jewish-students-faced-threats-harassment-and-exclusion/,20261001T234600Z,standardnewswire.com,en,,,,,,lawsuit,yes,,United States,North America,old search term 'lawsuit'
2026-10-02T00:55:21.868040+00:00,legal_harassment,Legal harassment & lawfare,"Amended Lawsuit: GWU Allowed Antisemitism to Fester While Jewish Students Faced Threats, Harassment, and Exclusion",https://www.christiannewswire.com/amended-lawsuit-gwu-allowed-antisemitism-to-fester-while-jewish-students-faced-threats-harassment-and-exclusion/,20261002T004600Z,christiannewswire.com,en,,,,,,lawsuit,yes,,United States,North America,old search term 'lawsuit'
2026-10-02T06:30:05.099229+00:00,physical_violence,Physical violence & killings,Adam Pankratz: France's pro-riot left is defending 'legitimate violence',https://nationalpost.com/opinion/frances-pro-riot-left-is-defending-legitimate-violence,20261002T061700Z,nationalpost.com,en,,,,,,shot,yes,,France,Europe,old search term 'shot'
2026-10-02T07:52:45.742068+00:00,physical_violence,Physical violence & killings,"Morning Briefing: Oct. 2, 2026",https://aa.com.tr/en/world/morning-briefing-oct-2-2026/4075660,20261002T074600Z,aa.com.tr,en,,,,,,assaulted,yes,,,Unclear,digest or junk title
2026-10-02T08:27:14.069198+00:00,physical_violence,Physical violence & killings,"SIR protests erupt across Delhi, Mumbai; over 500 detained in national capital, security tightened",https://www.moneycontrol.com/news/india/sir-protests-erupt-across-delhi-mumbai-over-500-detained-in-national-capital-security-tightened-14043376.html,20261002T081700Z,moneycontrol.com,en,,,,,,shot,yes,,India,South Asia,old search term 'shot'
2026-10-02T15:27:31.878423+00:00,physical_violence,Physical violence & killings,"Korea's atrocities in Vietnam, in the words of those who saw and survived them",https://english.hani.co.kr/arti/english_edition/e_international/1079517.html,20261002T150200Z,english.hani.co.kr,en,,,,,,shot,yes,,Vietnam,Southeast Asia,old search term 'shot'
2026-10-02T18:28:46.631576+00:00,legal_harassment,Legal harassment & lawfare,Mamdani threatens Columbia University with lawsuit if NYC school won't open gates to public,https://nypost.com/2026/10/02/us-news/mamdani-threatens-columbia-university-with-lawsuit-if-it-wont-open-gates-to-public/,20261002T180200Z,nypost.com,en,,,,,,lawsuit,yes,,United States,North America,old search term 'lawsuit'
2026-10-02T18:28:46.631576+00:00,legal_harassment,Legal harassment & lawfare,Cornell student groups to protest university's handling of alleged gang rape,https://www.thenews.com.pk/latest/1418533-cornell-student-groups-to-protest-universitys-handling-of-alleged-gang-rape,20261002T180200Z,thenews.com.pk,en,,,,,,lawsuit,yes,seah,United States,North America,old search term 'lawsuit'
2026-10-02T19:38:10.398485+00:00,legal_harassment,Legal harassment & lawfare,"UC asks judge to dismiss DOJ antisemitism suit, calling it 'political coercion' – East Bay Times",https://www.eastbaytimes.com/2026/10/02/uc-asks-judge-to-dismiss-doj-antisemitism-suit-calling-it-political-coercion-2/,20261002T193200Z,eastbaytimes.com,en,,,,,,lawsuit,yes,,United States,North America,old search term 'lawsuit'
2026-10-02T20:37:27.103626+00:00,physical_violence,Physical violence & killings,The factory-society relationship as an historical category - Sergio Bologna,https://libcom.org/article/factory-society-relationship-historical-category-sergio-bologna,20261002T203200Z,libcom.org,en,,,,,,killed,yes,,,Unclear,junk domain
2026-10-05T00:34:26.663761+00:00,physical_violence,Physical violence & killings,LiveLaw Kerala High Court Monthly Digest: September 2026,https://www.livelaw.in/high-court/kerala-high-court/kerala-high-court-monthly-digest-september-2026-552772,20261004T053100Z,livelaw.in,en,,,,,,shot,yes,,India,South Asia,old search term 'shot'
2026-10-05T00:34:30.457675+00:00,physical_violence,Physical violence & killings,Tusker's shooting prompts call to protect rare animals | Print Edition,https://www.sundaytimes.lk/261004/news/tuskers-shooting-prompts-call-to-protect-rare-animals-658992.html,20261004T054600Z,sundaytimes.lk,en,,,,,,shot,yes,,,Unclear,old search term 'shot'
2026-10-05T01:25:58.425472+00:00,physical_violence,Physical violence & killings,India: Police face harassment allegations at Delhi protest,https://www.dw.com/en/india-news-police-order-probe-amid-sexual-harassment-allegations-against-officers-at-delhi-protest/live-79527537,20261004T090100Z,dw.com,en,,,,,,shot,yes,,India,South Asia,old search term 'shot'
2026-10-05T06:06:15.295341+00:00,detention_arrest,Arrests & detention,The Spies for Peace and after – Nicolas Walter,https://libcom.org/article/spies-peace-and-after-nicolas-walter,20261005T001600Z,libcom.org,en,,,,,,arrested,yes,,,Unclear,junk domain
2026-10-05T08:10:26.883840+00:00,physical_violence,Physical violence & killings,Perspective: Rising Islamophobia on GW's campus has real political implications – The GW Hatchet,https://gwhatchet.com/2026/10/05/perspective-rising-islamophobia-on-gws-campus-has-real-political-implications/,20261005T061600Z,gwhatchet.com,en,,,,,,shot,yes,,,Unclear,old search term 'shot'
2026-10-05T08:10:26.883840+00:00,legal_harassment,Legal harassment & lawfare,"DeSantis, Cabinet Designate Major Muslim American Group as ""Terrorist""",https://www.juancole.com/2026/10/desantis-designate-terrorist.html,20261005T061600Z,juancole.com,en,,,,,,lawsuit,yes,,United States,North America,old search term 'lawsuit'
2026-10-05T08:29:37.916827+00:00,physical_violence,Physical violence & killings,"At Ithaca Town Hall, AOC Challenges Cornell's Handling of Alleged Gang Rape, Urges Working-Class Mobilization",https://www.ithaca.com/news/tompkins_county/at-ithaca-town-hall-aoc-challenges-cornells-handling-of-alleged-gang-rape-urges-working-class/article_70426c41-11c3-42f9-9e78-abba1d21e75f.html,20261005T080100Z,ithaca.com,en,,,,,,shot,yes,seah,United States,North America,old search term 'shot'
2026-10-05T08:45:53.242768+00:00,physical_violence,Physical violence & killings,Teen Arrested After Viral Video Captures Horrific Makeshift Flamethrower Attack in Student Riot,https://www.ibtimes.co.uk/teen-arrested-marseille-student-protests-flame-attack-1823625,20261005T083100Z,ibtimes.co.uk,en,,,,,,shot,yes,,,Unclear,old search term 'shot'
2026-10-05T10:28:05.406969+00:00,physical_violence,Physical violence & killings,I-witness - Nepali Times,https://nepalitimes.com/on-world-photography-day-on-19-august-a-look-back-at-some-of-the-most-iconic-images-of-nepals-recent-history,20261005T100200Z,nepalitimes.com,en,,,,,,shot,yes,,Nepal,South Asia,old search term 'shot'
2026-10-05T12:32:35.683310+00:00,physical_violence,Physical violence & killings,The fight for Jane Doe: Inside the Cornell student movement,https://www.dazeddigital.com/life-culture/article/71117/1/cornell-students-are-rallying-for-jane-doe-protest-movement-cornell-7,20261005T120200Z,dazeddigital.com,en,,,,,,shot,yes,seah,United States,North America,old search term 'shot'
2026-10-05T14:12:10.568494+00:00,physical_violence,Physical violence & killings,A Reformasi government that arrests reformasi activists?,https://aliran.com/civil-society-voices/a-reformasi-government-that-arrests-reformasi-activists,20261005T140200Z,aliran.com,en,,,,,,shot,yes,,Malaysia,Southeast Asia,old search term 'shot'
2026-10-05T14:32:48.265730+00:00,legal_harassment,Legal harassment & lawfare,Daniel Rivero,https://www.wlrn.org/people/daniel-rivero,20261005T141700Z,wlrn.org,en,,,,,,lawsuit,yes,,,Unclear,old search term 'lawsuit'
2026-10-05T14:55:26.149084+00:00,physical_violence,Physical violence & killings,"Europe Intelligence Brief for Monday, October 5, 2026",https://www.riotimesonline.com/europe-intelligence-brief-monday-october-5-2026/,20261005T143200Z,riotimesonline.com,en,,,,,,killed,yes,,,Unclear,digest or junk title
2026-10-05T15:29:18.175069+00:00,legal_harassment,Legal harassment & lawfare,US appeals court weighs Trump's block on Harvard research funding,https://www.news24.com/world/us-appeals-court-weighs-trumps-block-on-harvard-research-funding-20261005-0691,20261005T151700Z,news24.com,en,,,,,,lawsuit,yes,,United States,North America,old search term 'lawsuit'
2026-10-05T19:00:45.734477+00:00,legal_harassment,Legal harassment & lawfare,Appeals court weighs judge's authority to restore Trump cuts to Harvard,https://www.sandiegouniontribune.com/2026/10/05/trump-education-harvard-appeals-court/,20261005T183100Z,sandiegouniontribune.com,en,,,,,,lawsuit,yes,,United States,North America,old search term 'lawsuit'
2026-10-05T19:00:45.734477+00:00,legal_harassment,Legal harassment & lawfare,Appeals court weighs judge's authority to restore Trump administration funding cuts to Harvard,https://www.click2houston.com/news/national/2026/10/05/appeals-court-weighs-judges-authority-to-restore-trump-administration-funding-cuts-to-harvard/,20261005T183100Z,click2houston.com,en,,,,,,lawsuit,yes,,United States,North America,old search term 'lawsuit'
2026-10-05T19:00:45.734477+00:00,legal_harassment,Legal harassment & lawfare,Appeals court weighs judge's authority to restore Trump cuts to Harvard,https://www.sun-sentinel.com/2026/10/05/trump-education-harvard-appeals-court/,20261005T183100Z,sun-sentinel.com,en,,,,,,lawsuit,yes,,United States,North America,old search term 'lawsuit'
2026-10-05T19:00:45.734477+00:00,legal_harassment,Legal harassment & lawfare,Appeals court weighs judge's authority to restore Trump cuts to Harvard,https://www.republicanherald.com/2026/10/05/trump-education-harvard-appeals-court/,20261005T183100Z,republicanherald.com,en,,,,,,lawsuit,yes,,United States,North America,old search term 'lawsuit'
2026-10-05T19:00:45.734477+00:00,legal_harassment,Legal harassment & lawfare,Appeals court weighs judge's authority to restore Trump administration funding cuts to Harvard,https://www.dailygazette.com/hv360/ap/national/appeals-court-weighs-judges-authority-to-restore-trump-administration-funding-cuts-to-harvard/article_64692ed7-07a2-5626-be68-d5833de6dca0.html,20261005T183100Z,dailygazette.com,en,,,,,,lawsuit,yes,,United States,North America,old search term 'lawsuit'
2026-10-05T19:00:47.612515+00:00,legal_harassment,Legal harassment & lawfare,Appeals court weighs judge's authority to restore Trump administration funding cuts to Harvard,https://www.news-gazette.com/news/nation-world/appeals-court-weighs-judges-authority-to-restore-trump-administration-funding-cuts-to-harvard/article_9bf98a60-5f7d-5f39-93e2-6ee1fbd27103.html,20261005T183200Z,news-gazette.com,en,,,,,,lawsuit,yes,,United States,North America,old search term 'lawsuit'
2026-10-05T19:00:51.715349+00:00,legal_harassment,Legal harassment & lawfare,Appeals court weighs judge's authority to restore Trump cuts to Harvard,https://www.mercurynews.com/2026/10/05/trump-education-harvard-appeals-court/,20261005T184700Z,mercurynews.com,en,,,,,,lawsuit,yes,,United States,North America,old search term 'lawsuit'
2026-10-05T19:00:51.715349+00:00,legal_harassment,Legal harassment & lawfare,Appeals court weighs judge's authority to restore Trump administration funding cuts to Harvard – Winnipeg Free Press,https://www.winnipegfreepress.com/world/2026/10/05/appeals-court-weighs-judges-authority-to-restore-trump-administration-funding-cuts-to-harvard,20261005T184700Z,winnipegfreepress.com,en,,,,,,lawsuit,yes,,United States,North America,old search term 'lawsuit'
2026-10-05T19:00:51.715349+00:00,legal_harassment,Legal harassment & lawfare,Appeals court weighs judge's authority to restore Trump cuts to Harvard,https://www.mainlinemedianews.com/2026/10/05/trump-education-harvard-appeals-court/,20261005T184700Z,mainlinemedianews.com,en,,,,,,lawsuit,yes,,United States,North America,old search term 'lawsuit'
2026-10-05T19:00:51.715349+00:00,legal_harassment,Legal harassment & lawfare,Appeals court weighs judge's authority to restore Trump administration funding cuts to Harvard,http://www.bozemandailychronicle.com/wire/news/appeals-court-weighs-judges-authority-to-restore-trump-administration-funding-cuts-to-harvard/article_149fb923-cafd-57f3-9fe7-95418f5a1ee7.html,20261005T184700Z,bozemandailychronicle.com,en,,,,,,lawsuit,yes,,United States,North America,old search term 'lawsuit'
2026-10-05T19:00:51.715349+00:00,legal_harassment,Legal harassment & lawfare,Appeals court weighs judge's authority to restore Trump cuts to Harvard,https://www.bostonherald.com/2026/10/05/trump-education-harvard-appeals-court/,20261005T184700Z,bostonherald.com,en,,,,,,lawsuit,yes,,United States,North America,old search term 'lawsuit'
2026-10-05T21:31:54.988365+00:00,legal_harassment,Legal harassment & lawfare,Appeals court weighs judge's authority to restore Trump cuts to Harvard,https://www.citizensvoice.com/2026/10/05/trump-education-harvard-appeals-court/,20261005T190100Z,citizensvoice.com,en,,,,,,lawsuit,yes,,United States,North America,old search term 'lawsuit'
2026-10-05T21:31:57.901960+00:00,legal_harassment,Legal harassment & lawfare,Appeals court weighs judge's authority to restore Trump administration funding cuts to Harvard,https://www.2news.com/news/national/appeals-court-weighs-judges-authority-to-restore-trump-administration-funding-cuts-to-harvard/article_d2a70942-58f8-5f3d-9adb-fd021c6a77e2.html,20261005T190200Z,2news.com,en,,,,,,lawsuit,yes,,United States,North America,old search term 'lawsuit'
2026-10-05T21:31:57.901960+00:00,legal_harassment,Legal harassment & lawfare,Appeals court weighs judge's authority to restore Trump cuts to Harvard,https://www.dailypress.com/2026/10/05/trump-education-harvard-appeals-court/,20261005T190200Z,dailypress.com,en,,,,,,lawsuit,yes,,United States,North America,old search term 'lawsuit'
2026-10-05T21:31:57.901960+00:00,legal_harassment,Legal harassment & lawfare,Appeals court weighs judge's authority to restore Trump administration funding cuts to Harvard,http://www.reflector.com/news/national/appeals-court-weighs-judges-authority-to-restore-trump-administration-funding-cuts-to-harvard/article_43681b69-26f7-517f-be42-d26b757af47d.html,20261005T190200Z,reflector.com,en,,,,,,lawsuit,yes,,United States,North America,old search term 'lawsuit'
2026-10-05T21:32:02.135714+00:00,legal_harassment,Legal harassment & lawfare,Appeals court weighs judge's authority to restore Trump administration funding cuts to Harvard,https://www.yakimaherald.com/news/nation_and_world/nation/appeals-court-weighs-judges-authority-to-restore-trump-administration-funding-cuts-to-harvard/article_a867e00c-2d1e-53b1-a9dd-4eb4e5de426e.html,20261005T191700Z,yakimaherald.com,en,,,,,,lawsuit,yes,,United States,North America,old search term 'lawsuit'
2026-10-05T21:32:02.135714+00:00,legal_harassment,Legal harassment & lawfare,Appeals court weighs judge's authority to restore Trump cuts to Harvard,https://www.chicoer.com/2026/10/05/trump-education-harvard-appeals-court/,20261005T191700Z,chicoer.com,en,,,,,,lawsuit,yes,,United States,North America,old search term 'lawsuit'
2026-10-05T21:32:02.135714+00:00,legal_harassment,Legal harassment & lawfare,Appeals court weighs judge's authority to restore Trump cuts to Harvard,https://www.journal-advocate.com/2026/10/05/trump-education-harvard-appeals-court/,20261005T191700Z,journal-advocate.com,en,,,,,,lawsuit,yes,,United States,North America,old search term 'lawsuit'
2026-10-05T21:32:02.135714+00:00,physical_violence,Physical violence & killings,"'Hostility': Court filing accuses university of 'years' of intimidation, harassment of Jewish students * WorldNetDaily * by Bob Unruh",https://www.wnd.com/2026/10/hostility-court-filing-accuses-university-years-intimidation-harassment/,20261005T191700Z,wnd.com,en,,,,,,shot,yes,,,Unclear,old search term 'shot'
2026-10-05T21:32:02.135714+00:00,legal_harassment,Legal harassment & lawfare,Appeals court weighs judge's authority to restore Trump administration funding cuts to Harvard,https://www.wsls.com/news/national/2026/10/05/appeals-court-weighs-judges-authority-to-restore-trump-administration-funding-cuts-to-harvard/,20261005T191700Z,wsls.com,en,,,,,,lawsuit,yes,,United States,North America,old search term 'lawsuit'
2026-10-05T21:32:02.135714+00:00,legal_harassment,Legal harassment & lawfare,Appeals court weighs judge's authority to restore Trump cuts to Harvard,https://www.greeleytribune.com/2026/10/05/trump-education-harvard-appeals-court/,20261005T191700Z,greeleytribune.com,en,,,,,,lawsuit,yes,,United States,North America,old search term 'lawsuit'
2026-10-05T21:32:02.135714+00:00,legal_harassment,Legal harassment & lawfare,Appeals court weighs judge's authority to restore Trump cuts to Harvard,https://www.timescall.com/2026/10/05/trump-education-harvard-appeals-court/,20261005T191700Z,timescall.com,en,,,,,,lawsuit,yes,,United States,North America,old search term 'lawsuit'
2026-10-05T21:32:02.135714+00:00,legal_harassment,Legal harassment & lawfare,Appeals court weighs judge's authority to restore Trump administration funding cuts to Harvard,http://www.dailyadvance.com/news/national/appeals-court-weighs-judges-authority-to-restore-trump-administration-funding-cuts-to-harvard/article_0460e3b7-a1ee-5883-9270-af540eeb9faa.html,20261005T191700Z,dailyadvance.com,en,,,,,,lawsuit,yes,,United States,North America,old search term 'lawsuit'
2026-10-05T21:32:02.135714+00:00,legal_harassment,Legal harassment & lawfare,Appeals court weighs judge's authority to restore Trump administration funding cuts to Harvard,http://www.rockymounttelegram.com/news/national/appeals-court-weighs-judges-authority-to-restore-trump-administration-funding-cuts-to-harvard/article_35086d30-f342-5e30-8351-3bc1cc54f7c4.html,20261005T191700Z,rockymounttelegram.com,en,,,,,,lawsuit,yes,,United States,North America,old search term 'lawsuit'
2026-10-05T21:32:07.039244+00:00,legal_harassment,Legal harassment & lawfare,Appeals court weighs judge's authority to restore Trump administration funding cuts to Harvard,http://www.stardem.com/ap/nation/appeals-court-weighs-judges-authority-to-restore-trump-administration-funding-cuts-to-harvard/article_0d74cc40-ce46-54dc-abb1-39b18f13de84.html,20261005T193200Z,stardem.com,en,,,,,,lawsuit,yes,,United States,North America,old search term 'lawsuit'
2026-10-05T21:32:07.039244+00:00,legal_harassment,Legal harassment & lawfare,Appeals court weighs judge's authority to restore Trump cuts to Harvard,https://www.twincities.com/2026/10/05/trump-education-harvard-appeals-court/,20261005T193200Z,twincities.com,en,,,,,,lawsuit,yes,,United States,North America,old search term 'lawsuit'
2026-10-05T21:32:07.039244+00:00,legal_harassment,Legal harassment & lawfare,Appeals court weighs judge's authority to restore Trump cuts to Harvard,https://www.troyrecord.com/2026/10/05/trump-education-harvard-appeals-court/,20261005T193200Z,troyrecord.com,en,,,,,,lawsuit,yes,,United States,North America,old search term 'lawsuit'
2026-10-05T21:32:07.039244+00:00,legal_harassment,Legal harassment & lawfare,Appeals court weighs judge's authority to restore Trump cuts to Harvard,https://www.pilotonline.com/2026/10/05/trump-education-harvard-appeals-court/,20261005T193200Z,pilotonline.com,en,,,,,,lawsuit,yes,,United States,North America,old search term 'lawsuit'
2026-10-05T21:38:38.351912+00:00,legal_harassment,Legal harassment & lawfare,Appeals court weighs judge's authority to restore Trump administration funding cuts to Harvard,https://www.wellandtribune.ca/news/world/united-states/appeals-court-weighs-judge-s-authority-to-restore-trump-administration-funding-cuts-to-harvard/article_113cf8cf-8d8a-5041-b5dc-4e25c6327f92.html,20261005T200100Z,wellandtribune.ca,en,,,,,,lawsuit,yes,,United States,North America,old search term 'lawsuit'
2026-10-05T21:38:40.535025+00:00,legal_harassment,Legal harassment & lawfare,Appeals court weighs judge's authority to restore Trump cuts to Harvard,https://www.orlandosentinel.com/2026/10/05/trump-education-harvard-appeals-court/,20261005T200200Z,orlandosentinel.com,en,,,,,,lawsuit,yes,,United States,North America,old search term 'lawsuit'
2026-10-05T21:38:40.535025+00:00,legal_harassment,Legal harassment & lawfare,Appeals court weighs judge's authority to restore Trump administration funding cuts to Harvard,https://toronto.citynews.ca/2026/10/05/appeals-court-weighs-judges-authority-to-restore-trump-administration-funding-cuts-to-harvard/,20261005T200200Z,toronto.citynews.ca,en,,,,,,lawsuit,yes,,United States,North America,old search term 'lawsuit'
2026-10-05T21:38:44.827780+00:00,legal_harassment,Legal harassment & lawfare,Appeals court weighs judge's authority to restore Trump cuts to Harvard,https://www.canoncitydailyrecord.com/2026/10/05/trump-education-harvard-appeals-court/,20261005T201700Z,canoncitydailyrecord.com,en,,,,,,lawsuit,yes,,United States,North America,old search term 'lawsuit'
2026-10-05T21:38:48.897490+00:00,legal_harassment,Legal harassment & lawfare,Appeals court weighs judge's authority to restore Trump administration funding cuts to Harvard,https://www.clickorlando.com/news/national/2026/10/05/appeals-court-weighs-judges-authority-to-restore-trump-administration-funding-cuts-to-harvard/,20261005T203200Z,clickorlando.com,en,,,,,,lawsuit,yes,,United States,North America,old search term 'lawsuit'
2026-10-05T21:38:48.897490+00:00,legal_harassment,Legal harassment & lawfare,Appeals court weighs judge's authority to restore Trump cuts to Harvard,https://www.fortmorgantimes.com/2026/10/05/trump-education-harvard-appeals-court/,20261005T203200Z,fortmorgantimes.com,en,,,,,,lawsuit,yes,,United States,North America,old search term 'lawsuit'
2026-10-05T21:38:48.897490+00:00,legal_harassment,Legal harassment & lawfare,Appeals court weighs judge's authority to restore Trump administration funding cuts to Harvard,https://www.news4jax.com/news/national/2026/10/05/appeals-court-weighs-judges-authority-to-restore-trump-administration-funding-cuts-to-harvard/,20261005T203200Z,news4jax.com,en,,,,,,lawsuit,yes,,United States,North America,old search term 'lawsuit'
2026-10-05T21:38:48.897490+00:00,legal_harassment,Legal harassment & lawfare,Appeals court weighs judge's authority to restore Trump administration funding cuts to Harvard,https://www.bangordailynews.com/2026/10/05/nation/appeals-court-weighs-judges-authority-to-restore-trump-administration-funding-cuts-to-harvard/,20261005T203200Z,bangordailynews.com,en,,,,,,lawsuit,yes,,United States,North America,old search term 'lawsuit'
2026-10-05T21:52:50.916417+00:00,legal_harassment,Legal harassment & lawfare,Appeals court weighs judge's authority to restore Trump cuts to Harvard,https://www.reporterherald.com/2026/10/05/trump-education-harvard-appeals-court/,20261005T210200Z,reporterherald.com,en,,,,,,lawsuit,yes,,United States,North America,old search term 'lawsuit'
2026-10-05T21:52:53.495919+00:00,legal_harassment,Legal harassment & lawfare,Appeals court weighs judge's authority to restore Trump administration funding cuts to Harvard,https://www.ksat.com/news/national/2026/10/05/appeals-court-weighs-judges-authority-to-restore-trump-administration-funding-cuts-to-harvard/,20261005T211700Z,ksat.com,en,,,,,,lawsuit,yes,,United States,North America,old search term 'lawsuit'
2026-10-05T21:52:58.807196+00:00,legal_harassment,Legal harassment & lawfare,Appeals court weighs judge's authority to restore Trump cuts to Harvard,https://www.capitalgazette.com/2026/10/05/trump-education-harvard-appeals-court/,20261005T214600Z,capitalgazette.com,en,,,,,,lawsuit,yes,,United States,North America,old search term 'lawsuit'
2026-10-05T22:23:50.000832+00:00,legal_harassment,Legal harassment & lawfare,Appeals court weighs judge's authority to restore Trump cuts to Harvard,https://www.ukiahdailyjournal.com/2026/10/05/trump-education-harvard-appeals-court/,20261005T220100Z,ukiahdailyjournal.com,en,,,,,,lawsuit,yes,,United States,North America,old search term 'lawsuit'
2026-10-05T22:23:50.000832+00:00,legal_harassment,Legal harassment & lawfare,Appeals court weighs judge's authority to restore Trump administration funding cuts to Harvard,https://www.clickondetroit.com/news/national/2026/10/05/appeals-court-weighs-judges-authority-to-restore-trump-administration-funding-cuts-to-harvard/,20261005T220100Z,clickondetroit.com,en,,,,,,lawsuit,yes,,United States,North America,old search term 'lawsuit'
2026-10-05T22:23:54.548539+00:00,legal_harassment,Legal harassment & lawfare,Appeals court weighs judge's authority to restore Trump administration funding cuts to Harvard,https://www.wboc.com/news/national/appeals-court-weighs-judges-authority-to-restore-trump-administration-funding-cuts-to-harvard/article_cabb8d62-a364-545b-b42b-92023e565f10.html,20261005T221700Z,wboc.com,en,,,,,,lawsuit,yes,,United States,North America,old search term 'lawsuit'
2026-10-05T22:50:31.557338+00:00,legal_harassment,Legal harassment & lawfare,Court weighs judge's authority to restore Trump's Harvard cuts,https://www.boston.com/news/politics/2026/10/05/appeals-court-weighs-judges-authority-to-restore-trump-administration-funding-cuts-to-harvard/,20261005T223100Z,boston.com,en,,,,,,lawsuit,yes,,United States,North America,old search term 'lawsuit'
2026-10-06T01:37:13.038294+00:00,legal_harassment,Legal harassment & lawfare,Appeals court weighs judge's authority to restore Trump administration funding cuts to Harvard,https://www.wbur.org/news/2026/10/05/harvard-federal-funding-cuts-appeal,20261006T013100Z,wbur.org,en,,,,,,lawsuit,yes,,United States,North America,old search term 'lawsuit'
2026-10-06T03:24:47.315945+00:00,legal_harassment,Legal harassment & lawfare,Student protests erupt at Cornell over mishandling of gang-rape allegations,https://www.yahoo.com/news/us/articles/student-protests-erupt-cornell-over-013011295.html,20261006T030100Z,yahoo.com,en,,,,,,lawsuit,yes,seah,United States,North America,old search term 'lawsuit'
2026-10-06T08:41:33.573547+00:00,physical_violence,Physical violence & killings,"French students speak out against war, repression of high school protests",https://www.wsws.org/en/articles/2026/10/06/ohht-o06.html,20261006T083200Z,wsws.org,en,,,,,,shot,yes,high_school,France,Europe,old search term 'shot'
2026-10-06T17:37:14.407093+00:00,physical_violence,Physical violence & killings,"Radio Station WHMI 93.5 FM — Livingston County Michigan News, Weather, Traffic, Sports, School Updates, and the Best Classic Hit",https://www.whmi.com/news/fox/cornell-protesters-swarm-campus-support-jane-doe-call-university-presidents-resignation,20261006T173100Z,whmi.com,en,,,,,,assaulted,,seah,United States,North America,junk domain
2026-10-06T21:36:54.344178+00:00,detention_arrest,Arrests & detention,Metropolitan Police News | Met Police News,https://www.newsnow.co.uk/h/UK/Crime/Police/Met+Police,20261006T213100Z,newsnow.co.uk,en,,,,,,arrested,,,United Kingdom,Europe,junk domain
2026-10-07T00:36:09.595625+00:00,detention_arrest,Arrests & detention,Impressions of May - Ngo Van,https://libcom.org/article/impressions-may-ngo-van,20261007T000200Z,libcom.org,en,,,,,,arrested,,,France,Europe,junk domain
2026-10-07T00:36:09.595625+00:00,physical_violence,Physical violence & killings,An Introduction to Anarchism in Myanmar,https://libcom.org/article/introduction-anarchism-myanmar,20261007T000200Z,libcom.org,en,,,Myanmar,,,murdered,,,Myanmar,Southeast Asia,junk domain
